<?xml version="1.0" encoding="UTF-8"?>
<!DOCTYPE mapper PUBLIC "-//mybatis.org//DTD Mapper 3.0//EN" "http://mybatis.org/dtd/mybatis-3-mapper.dtd">
<mapper namespace="my.dao.RolesPermissionsMapper">
  <resultMap id="BaseResultMap" type="my.entity.RolesPermissions">
    <id column="id" jdbcType="BIGINT" property="id" />
    <result column="rolename" jdbcType="VARCHAR" property="rolename" />
    <result column="permission" jdbcType="VARCHAR" property="permission" />
    <result column="desc" jdbcType="VARCHAR" property="desc" />
  </resultMap>
  <sql id="Base_Column_List">
    id, rolename, permission, desc
  </sql>
  <select id="selectByPrimaryKey" parameterType="java.lang.Long" resultMap="BaseResultMap">
    select 
    <include refid="Base_Column_List" />
    from roles_permissions
    where id = #{id,jdbcType=BIGINT}
  </select>
  <delete id="deleteByPrimaryKey" parameterType="java.lang.Long">
    delete from roles_permissions
    where id = #{id,jdbcType=BIGINT}
  </delete>
  <insert id="insert" parameterType="my.entity.RolesPermissions" useGeneratedKeys="true" keyProperty="id">
    insert into roles_permissions (id, rolename, permission, 
      desc)
    values (#{id,jdbcType=BIGINT}, #{rolename,jdbcType=VARCHAR}, #{permission,jdbcType=VARCHAR}, 
      #{desc,jdbcType=VARCHAR})
  </insert>
  <insert id="insertSelective" parameterType="my.entity.RolesPermissions">
    insert into roles_permissions
    <trim prefix="(" suffix=")" suffixOverrides=",">
      <if test="id != null">
        id,
      </if>
      <if test="rolename != null">
        rolename,
      </if>
      <if test="permission != null">
        permission,
      </if>
      <if test="desc != null">
        desc,
      </if>
    </trim>
    <trim prefix="values (" suffix=")" suffixOverrides=",">
      <if test="id != null">
        #{id,jdbcType=BIGINT},
      </if>
      <if test="rolename != null">
        #{rolename,jdbcType=VARCHAR},
      </if>
      <if test="permission != null">
        #{permission,jdbcType=VARCHAR},
      </if>
      <if test="desc != null">
        #{desc,jdbcType=VARCHAR},
      </if>
    </trim>
  </insert>
  <update id="updateByPrimaryKeySelective" parameterType="my.entity.RolesPermissions">
    update roles_permissions
    <set>
      <if test="rolename != null">
        rolename = #{rolename,jdbcType=VARCHAR},
      </if>
      <if test="permission != null">
        permission = #{permission,jdbcType=VARCHAR},
      </if>
      <if test="desc != null">
        desc = #{desc,jdbcType=VARCHAR},
      </if>
    </set>
    where id = #{id,jdbcType=BIGINT}
  </update>
  <update id="updateByPrimaryKey" parameterType="my.entity.RolesPermissions">
    update roles_permissions
    set rolename = #{rolename,jdbcType=VARCHAR},
      permission = #{permission,jdbcType=VARCHAR},
      desc = #{desc,jdbcType=VARCHAR}
    where id = #{id,jdbcType=BIGINT}
  </update>
</mapper>