<?xml version="1.0" encoding="UTF-8"?>
<!DOCTYPE mapper PUBLIC "-//mybatis.org//DTD Mapper 3.0//EN" "http://mybatis.org/dtd/mybatis-3-mapper.dtd">
<mapper namespace="my.dao.UserRolesMapper">
  <resultMap id="BaseResultMap" type="my.entity.UserRoles">
    <id column="id" jdbcType="BIGINT" property="id" />
    <result column="username" jdbcType="VARCHAR" property="username" />
    <result column="role_name" jdbcType="VARCHAR" property="roleName" />
  </resultMap>
  <sql id="Base_Column_List">
    id, username, role_name
  </sql>
  <select id="selectByPrimaryKey" parameterType="java.lang.Long" resultMap="BaseResultMap">
    select 
    <include refid="Base_Column_List" />
    from user_roles
    where id = #{id,jdbcType=BIGINT}
  </select>
  <delete id="deleteByPrimaryKey" parameterType="java.lang.Long">
    delete from user_roles
    where id = #{id,jdbcType=BIGINT}
  </delete>
  <insert id="insert" parameterType="my.entity.UserRoles" useGeneratedKeys="true" keyProperty="id">
    insert into user_roles (id, username, role_name
      )
    values (#{id,jdbcType=BIGINT}, #{username,jdbcType=VARCHAR}, #{roleName,jdbcType=VARCHAR}
      )
  </insert>
  <insert id="insertSelective" parameterType="my.entity.UserRoles">
    insert into user_roles
    <trim prefix="(" suffix=")" suffixOverrides=",">
      <if test="id != null">
        id,
      </if>
      <if test="username != null">
        username,
      </if>
      <if test="roleName != null">
        role_name,
      </if>
    </trim>
    <trim prefix="values (" suffix=")" suffixOverrides=",">
      <if test="id != null">
        #{id,jdbcType=BIGINT},
      </if>
      <if test="username != null">
        #{username,jdbcType=VARCHAR},
      </if>
      <if test="roleName != null">
        #{roleName,jdbcType=VARCHAR},
      </if>
    </trim>
  </insert>
  <update id="updateByPrimaryKeySelective" parameterType="my.entity.UserRoles">
    update user_roles
    <set>
      <if test="username != null">
        username = #{username,jdbcType=VARCHAR},
      </if>
      <if test="roleName != null">
        role_name = #{roleName,jdbcType=VARCHAR},
      </if>
    </set>
    where id = #{id,jdbcType=BIGINT}
  </update>
  <update id="updateByPrimaryKey" parameterType="my.entity.UserRoles">
    update user_roles
    set username = #{username,jdbcType=VARCHAR},
      role_name = #{roleName,jdbcType=VARCHAR}
    where id = #{id,jdbcType=BIGINT}
  </update>
</mapper>