<?xml version="1.0" encoding="UTF-8"?>
<!DOCTYPE generatorConfiguration PUBLIC "-//mybatis.org//DTD MyBatis Generator Configuration 1.0//EN" "http://mybatis.org/dtd/mybatis-generator-config_1_0.dtd">
<generatorConfiguration>
	<!-- 数据驱动jar -->
	<classPathEntry location="D:\Program Files\Apache\apache-maven-3.6.3\repository\mysql\mysql-connector-java\8.0.15\mysql-connector-java-8.0.15.jar"/>
	<context id="Tables" targetRuntime="MyBatis3">
		<!-- 去除注释 -->
		<commentGenerator>
			<property name="suppressAllComments" value="true" />
		</commentGenerator>
		
		<!-- 数据库连接 -->
		<jdbcConnection driverClass="com.mysql.jdbc.Driver" 
						connectionURL="jdbc:mysql://localhost:3306/cloudimpute" 
						userId="root" 
						password="111111">
						
			<!--MySQL 8.x 需要指定服务器的时区-->
            <property name="serverTimezone" value="UTC"/>
            <!--MySQL 不支持 schema 或者 catalog 所以需要添加这个-->
            <!--参考 : http://www.mybatis.org/generator/usage/mysql.html-->
            <property name="nullCatalogMeansCurrent" value="true"/>
            <!-- MySQL8默认启用 SSL ,不关闭会有警告-->
            <property name="useSSL" value="false"/>

		</jdbcConnection>
		
		<!--默认false Java type resolver will always use java.math.BigDecimal if 
            the database column is of type DECIMAL or NUMERIC. -->
        <javaTypeResolver>
            <property name="forceBigDecimals" value="false" />
        </javaTypeResolver>
        
        <!-- targetProject 最好使用相对路径,否则会报错(Project does not exist) -->
 
        <!--生成实体类 指定包名 以及生成的地址 （可以自定义地址，但是路径不存在不会自动创建 使用Maven生成在target目录下，会自动创建） -->
        <javaModelGenerator targetPackage="bigfileupload.entity" targetProject="entity/src/main/java">
            <property name="enableSubPackages" value="true" />
            <property name="trimStrings" value="true" />
        </javaModelGenerator>
        
        <!--生成SQLMAP文件 -->
        <sqlMapGenerator targetPackage="mapper" targetProject="dao/src/main/resources">
            <property name="enableSubPackages" value="false" />
        </sqlMapGenerator>
        
        <!--生成Dao文件 可以配置 type="XMLMAPPER"生成xml的dao实现 context id="DB2Tables" 修改targetRuntime="MyBatis3" -->
       <!---->
        <javaClientGenerator type="XMLMAPPER"
            targetPackage="my.dao"
            targetProject="dao/src/main/java">
            <property name="enableSubPackages" value="false" />
        </javaClientGenerator>
         
        <!--对应数据库表 mysql可以加入主键自增 字段命名 忽略某字段等--> 
        <!-- -->
        <table tableName="file_chunkDTO" domainObjectName="FileChunkDTO" 
            enableCountByExample="false" enableUpdateByExample="false"
            enableDeleteByExample="false" enableSelectByExample="false"
            selectByExampleQueryId="false" />
            
	</context>
	
</generatorConfiguration>